date,caloriesIdle,lastUpdate,record_id
20130209,1439,20150402T225557Z,1
20130210,1439,20140801T025223Z,2
20130211,1439,20140801T025223Z,3
20130212,1439,20140801T025223Z,4
20130213,1439,20140801T025223Z,5
20130214,1439,20140801T025223Z,6
20130215,1439,20140801T025223Z,7
20130216,1439,20140801T025223Z,8
20130217,1439,20140801T025223Z,9
20130218,1439,20140801T025223Z,10
20130219,1439,20140801T025223Z,11
20130220,1439,20140801T025223Z,12
20130221,1439,20140801T025223Z,13
20130222,1439,20140801T025223Z,14
20130223,1439,20150204T172215Z,15
20130224,1439,20140803T173041Z,16
20130225,1439,20140801T025223Z,17
20130226,1439,20140801T025223Z,18
20130227,1439,20140801T025223Z,19
20130228,1439,20150424T233335Z,20
20130301,1439,20140801T025223Z,21
20130302,1439,20140801T025223Z,22
20130303,1439,20150204T172215Z,23
20130304,1439,20140801T025223Z,24
20130305,1439,20140801T025223Z,25
20130306,1439,20140801T025223Z,26
20130307,1439,20150204T172215Z,27
20130308,1439,20140801T025223Z,28
20130309,1439,20150402T225557Z,29
20130310,1379,20140801T025223Z,30
20130311,1439,20140801T025223Z,31
20130312,1439,20140801T025223Z,32
20130313,1439,20140801T025223Z,33
20130314,1439,20140801T025223Z,34
20130315,1439,20140801T025223Z,35
20130331,1439,20150204T172215Z,36
20130401,1439,20140801T025223Z,37
20130402,1439,20140801T025223Z,38
20130403,1439,20140801T025223Z,39
20130404,1439,20140801T025223Z,40
20130405,1439,20140801T025223Z,41
20130406,1439,20140801T025223Z,42
20130407,1439,20140801T025223Z,43
20130408,1439,20140801T025223Z,44
20130409,1439,20150204T172215Z,45
20130410,1439,20140801T025223Z,46
20130411,1439,20150204T172215Z,47
20130412,1439,20140801T025223Z,48
20130413,1439,20150204T172215Z,49
20130414,1439,20140801T025223Z,50
20130415,1439,20140801T025223Z,51
20130416,1439,20140801T025223Z,52
20130417,1439,20140801T025223Z,53
20130418,1439,20140801T025223Z,54
20130419,1439,20150204T172215Z,55
20130420,1439,20140801T025223Z,56
20130421,1439,20140801T025223Z,57
20130422,1439,20140801T025223Z,58
20130423,1439,20140801T025223Z,59
20130424,1439,20140801T025223Z,60
20130425,1439,20140801T025223Z,61
20130426,1439,20140801T025223Z,62
20130427,1439,20140801T025223Z,63
20130428,1439,20140801T025223Z,64
20130429,1439,20140801T025223Z,65
20130430,1439,20140801T025223Z,66
20130501,1439,20140801T025223Z,67
20130502,1439,20140801T025223Z,68
20130503,1439,20140801T025223Z,69
20130504,1439,20130504T225524Z,70
20130510,1439,20150204T172215Z,71
20130511,1439,20140801T025223Z,72
20130512,1439,20140801T025223Z,73
20130513,1439,20140801T025223Z,74
20130514,1439,20140801T025223Z,75
20130515,1439,20140801T025223Z,76
20130516,1439,20140801T025223Z,77
20130517,1439,20140801T025223Z,78
20130518,1439,20140801T025223Z,79
20130519,1439,20140801T025223Z,80
20130520,1439,20140801T025223Z,81
20130521,1439,20140801T025223Z,82
20130522,1439,20140801T025223Z,83
20130523,1439,20150204T172215Z,84
20130524,1439,20140801T025223Z,85
20130525,1439,20140801T025223Z,86
20130526,1439,20140801T025223Z,87
20130527,1439,20140801T025223Z,88
20130528,1439,20150204T172215Z,89
20130529,1439,20140801T025223Z,90
20130530,1439,20140801T025223Z,91
20130531,1439,20140801T025223Z,92
20130601,1439,20140801T025223Z,93
20130602,1439,20150402T225557Z,94
20130603,1439,20140801T025223Z,95
20130604,1439,20140801T025223Z,96
20130605,1439,20140801T025223Z,97
20130606,1439,20140801T025223Z,98
20130607,1439,20140801T025223Z,99
20130608,1439,20150204T172215Z,100
20130609,1439,20140801T025223Z,101
20130610,1439,20140801T025223Z,102
20130611,1439,20140801T025223Z,103
20130612,1439,20140801T025223Z,104
20130613,1439,20140801T025223Z,105
20130614,1439,20140801T025223Z,106
20130615,1439,20140801T025223Z,107
20130616,1439,20140801T025223Z,108
20130617,1439,20130618T142712Z,109
20130618,1439,20140801T025223Z,110
20130619,1439,20140801T025223Z,111
20130620,1439,20140801T025223Z,112
20130621,1439,20140801T025223Z,113
20130622,1439,20140801T025223Z,114
20130623,1439,20140801T025223Z,115
20130624,1439,20140801T025223Z,116
20130625,1439,20140801T025223Z,117
20130626,1439,20140801T025223Z,118
20130627,1439,20150204T172215Z,119
20130628,1439,20140801T025223Z,120
20130629,1439,20150402T222353Z,121
20130630,1439,20150402T222353Z,122
20130701,1439,20150402T222353Z,123
20130702,1439,20150402T222353Z,124
20130703,1439,20150402T222353Z,125
20130704,1439,20150402T222353Z,126
20130705,1439,20150402T222353Z,127
20130706,1439,20150402T222433Z,128
20130707,1439,20150204T172215Z,129
20130708,1439,20140801T025223Z,130
20130709,1439,20150204T172215Z,131
20130710,1439,20140801T025223Z,132
20130711,1439,20140801T025223Z,133
20130712,1439,20140801T025223Z,134
20130713,1439,20140801T025223Z,135
20130714,1439,20140801T025223Z,136
20130715,1439,20140801T025223Z,137
20130716,1439,20140801T025223Z,138
20130717,1439,20140801T025223Z,139
20130718,1439,20140801T025223Z,140
20130719,1439,20140801T025223Z,141
20130720,1439,20140801T025223Z,142
20130721,1439,20140801T025223Z,143
20130722,1439,20150204T172215Z,144
20130723,1439,20140801T025223Z,145
20130724,1439,20140801T025223Z,146
20130725,1439,20140801T025223Z,147
20130726,1439,20140801T025223Z,148
20130727,1439,20140801T025223Z,149
20130728,1439,20150204T172215Z,150
20130729,1439,20140801T025223Z,151
20130730,1439,20150204T172215Z,152
20130731,1439,20140801T025223Z,153
20130801,1439,20140801T025223Z,154
20130802,1439,20130804T041204Z,155
20130803,1439,20130804T153115Z,156
20130804,1439,20140801T025223Z,157
20130805,1439,20140801T025223Z,158
20130806,1439,20140801T025223Z,159
20130807,1439,20140801T025223Z,160
20130808,1439,20140801T025223Z,161
20130809,1439,20140801T025223Z,162
20130810,1439,20140801T025223Z,163
20130811,1439,20150402T225557Z,164
20130812,1439,20140801T025223Z,165
20130813,1439,20140801T025223Z,166
20130814,1439,20140801T025223Z,167
20130815,1439,20140801T025223Z,168
20130816,1439,20150204T172215Z,169
20130817,1439,20130819T020244Z,170
20130818,1439,20140801T025223Z,171
20130819,1439,20140801T025223Z,172
20130820,1439,20150204T172215Z,173
20130821,1439,20140801T025223Z,174
20130822,1439,20140801T025223Z,175
20130823,1439,20140801T025223Z,176
20130824,1439,20140803T173040Z,177
20130825,1439,20140801T025223Z,178
20130826,1439,20140801T025223Z,179
20130827,1439,20140801T025223Z,180
20130828,1439,20140801T025223Z,181
20130829,1439,20140801T025223Z,182
20130830,1439,20140801T025223Z,183
20130831,1439,20140801T025223Z,184
20130901,1439,20140801T025223Z,185
20130902,1439,20150204T172215Z,186
20130903,1439,20140801T025223Z,187
20130904,1439,20140801T025223Z,188
20130905,1439,20140801T025223Z,189
20130906,1439,20140801T025223Z,190
20130907,1439,20140801T025223Z,191
20130908,1439,20140801T025223Z,192
20130909,1439,20140801T025223Z,193
20130910,1439,20140801T025223Z,194
20130911,1439,20140801T025223Z,195
20130912,1439,20150204T172215Z,196
20130913,1439,20140801T025223Z,197
20130914,1439,20140801T025223Z,198
20130915,1439,20140801T025223Z,199
20130916,1439,20140801T025223Z,200
20130917,1439,20140801T025223Z,201
20130918,1439,20140801T025223Z,202
20130919,1439,20140801T025223Z,203
20130920,1439,20140801T025223Z,204
20130921,1439,20140801T025223Z,205
20130922,1439,20150204T172215Z,206
20130923,1439,20140801T025223Z,207
20130924,1439,20140801T025223Z,208
20130925,1439,20140801T025223Z,209
20130926,1439,20140801T025223Z,210
20130927,1439,20130928T192102Z,211
20130928,1439,20130929T170824Z,212
20130929,1439,20140801T025223Z,213
20130930,1439,20140801T025223Z,214
20131001,1439,20140801T025223Z,215
20131002,1439,20140801T025223Z,216
20131003,1439,20140801T025223Z,217
20131004,1439,20140801T025223Z,218
20131005,1439,20140801T025223Z,219
20131006,1439,20140801T025223Z,220
20131007,1439,20140801T025223Z,221
20131008,1439,20140801T025223Z,222
20131009,1439,20140801T025223Z,223
20131010,1439,20131011T170948Z,224
20131011,1439,20140801T025223Z,225
20131012,1439,20140801T025223Z,226
20131013,1439,20140801T025223Z,227
20131014,1439,20150204T172215Z,228
20131015,1439,20140801T025223Z,229
20131016,1439,20140801T025223Z,230
20131017,1439,20140801T025223Z,231
20131018,1439,20140801T025223Z,232
20131019,1439,20140801T025223Z,233
20131020,1439,20140801T025223Z,234
20131021,1439,20140801T025223Z,235
20131022,1439,20140801T025223Z,236
20131023,1439,20140801T025223Z,237
20131024,1439,20140801T025223Z,238
20131025,1439,20140801T025223Z,239
20131026,1439,20140801T025223Z,240
20131027,1439,20140801T025223Z,241
20131028,1439,20140801T025223Z,242
20131029,1439,20140801T025223Z,243
20131030,1439,20140801T025223Z,244
20131031,1439,20150417T154330Z,245
20131101,1439,20140801T025223Z,246
20131102,1439,20140803T173040Z,247
20131103,1499,20140801T025223Z,248
20131104,1439,20140801T025223Z,249
20131105,1439,20140801T025223Z,250
20131106,1439,20140801T025223Z,251
20131107,1439,20140801T025223Z,252
20131108,1439,20150204T172215Z,253
20131109,1439,20140801T025223Z,254
20131110,1439,20140801T025223Z,255
20131111,1439,20140801T025223Z,256
20131112,1439,20140801T025223Z,257
20131113,1439,20140801T025223Z,258
20131114,1439,20140801T025223Z,259
20131115,1439,20140801T025223Z,260
20131116,1439,20140801T025223Z,261
20131117,1439,20140801T025223Z,262
20131118,1439,20131119T172041Z,263
20131119,1439,20140801T025223Z,264
20131120,1439,20140801T025223Z,265
20131121,1439,20140801T025223Z,266
20131122,1439,20140801T025223Z,267
20131123,1439,20140801T025223Z,268
20131124,1439,20150204T172215Z,269
20131125,1439,20140801T025223Z,270
20131126,1439,20140801T025223Z,271
20131127,1439,20150204T172215Z,272
20131128,1439,20131129T184010Z,273
20131129,1439,20131130T170232Z,274
20131130,1439,20140801T025223Z,275
20131201,1439,20150204T172215Z,276
20131202,1439,20140801T025223Z,277
20131203,1439,20140801T025223Z,278
20131204,1439,20140801T025223Z,279
20131205,1439,20140801T025223Z,280
20131206,1439,20140801T025223Z,281
20131207,1439,20140803T173040Z,282
20131208,1439,20140801T025223Z,283
20131209,1439,20140801T025223Z,284
20131210,1439,20140801T025223Z,285
20131211,1439,20140801T025223Z,286
20131212,1439,20140801T025223Z,287
20131213,1439,20140801T025223Z,288
20131214,1439,20150402T225557Z,289
20131215,1439,20150204T172215Z,290
20131216,1439,20140801T025223Z,291
20131217,1439,20140801T025223Z,292
20131218,1439,20140801T025223Z,293
20131219,1439,20140801T025223Z,294
20131220,1439,20140801T025223Z,295
20131221,1439,20140801T025223Z,296
20131222,1439,20140803T173040Z,297
20131223,1439,20150204T172215Z,298
20131224,1439,20140801T025223Z,299
20131225,1439,20140801T025223Z,300
20131226,1439,20140801T025223Z,301
20131227,1439,20140801T025223Z,302
20131228,1439,20150204T172215Z,303
20131229,1439,20140801T025223Z,304
20131230,1439,20140801T025223Z,305
20131231,1439,20140801T025223Z,306
20140101,1434,20140801T025223Z,307
20140102,1434,20140801T025223Z,308
20140103,1434,20140801T025223Z,309
20140104,1434,20140801T025223Z,310
20140105,1434,20140801T025223Z,311
20140106,1434,20140801T025223Z,312
20140107,1434,20140801T025223Z,313
20140108,1434,20140801T025223Z,314
20140109,1434,20140801T025223Z,315
20140110,1434,20140801T025223Z,316
20140111,1434,20140801T025223Z,317
20140112,1434,20140801T025223Z,318
20140113,1434,20140801T025223Z,319
20140114,1434,20140801T025223Z,320
20140115,1434,20140801T025223Z,321
20140116,1434,20140801T025223Z,322
20140117,1434,20140801T025223Z,323
20140118,1434,20140801T025223Z,324
20140119,1434,20140801T025223Z,325
20140120,1434,20140801T025223Z,326
20140121,1434,20140801T025223Z,327
20140122,1434,20140801T025223Z,328
20140123,1434,20140801T025223Z,329
20140124,1434,20140801T025223Z,330
20140125,1434,20150204T172215Z,331
20140126,1434,20140801T025223Z,332
20140127,1434,20140801T025223Z,333
20140128,1434,20140801T025223Z,334
20140129,1434,20150204T172215Z,335
20140130,1434,20140801T025223Z,336
20140131,1434,20140801T025223Z,337
20140201,1434,20140801T025223Z,338
20140202,1434,20140801T025223Z,339
20140203,1434,20140801T025223Z,340
20140204,1434,20150204T172215Z,341
20140205,1434,20140801T025223Z,342
20140206,1434,20140801T025223Z,343
20140207,1434,20140801T025223Z,344
20140208,1434,20140801T025223Z,345
20140209,1434,20140801T025223Z,346
20140210,1434,20140801T025223Z,347
20140211,1434,20140801T025223Z,348
20140212,1434,20150204T172215Z,349
20140213,1434,20150417T154317Z,350
20140214,1434,20140801T025223Z,351
20140215,1434,20140801T025223Z,352
20140216,1434,20140801T025223Z,353
20140217,1434,20140801T025223Z,354
20140218,1434,20140801T025223Z,355
20140219,1434,20140801T025223Z,356
20140220,1434,20150417T154317Z,357
20140221,1434,20140801T025223Z,358
20140222,1434,20140801T025223Z,359
20140223,1434,20150204T172215Z,360
20140224,1434,20140801T025223Z,361
20140225,1434,20141108T162351Z,362
20140226,1434,20140801T025223Z,363
20140227,1434,20140801T025223Z,364
20140228,1434,20140801T025223Z,365
20140301,1434,20140801T025223Z,366
20140302,1434,20150204T172215Z,367
20140303,1434,20140801T025223Z,368
20140304,1434,20140801T025223Z,369
20140305,1434,20140306T172713Z,370
20140306,1434,20140307T151937Z,371
20140307,1434,20140801T025223Z,372
20140308,1434,20140801T025223Z,373
20140309,1374,20150204T172215Z,374
20140310,1434,20140801T025223Z,375
20140311,1434,20140801T025223Z,376
20140312,1434,20140801T025223Z,377
20140313,1434,20140801T025223Z,378
20140314,1434,20140801T025223Z,379
20140315,1434,20140801T025223Z,380
20140316,1434,20140801T025223Z,381
20140317,1434,20140801T025223Z,382
20140318,1434,20140801T025223Z,383
20140319,1434,20140801T025223Z,384
20140320,1434,20140801T025223Z,385
20140321,1434,20140801T025223Z,386
20140322,1434,20140801T025223Z,387
20140323,1434,20150204T172215Z,388
20140324,1434,20140801T025223Z,389
20140325,1434,20140801T025223Z,390
20140326,1434,20140801T025223Z,391
20140327,1434,20140801T025223Z,392
20140328,1434,20140801T025223Z,393
20140329,1434,20140801T025223Z,394
20140330,1434,20140801T025223Z,395
20140331,1434,20140801T025223Z,396
20140401,1434,20140801T025223Z,397
20140402,1434,20140801T025223Z,398
20140403,1434,20140801T025223Z,399
20140404,1434,20140801T025223Z,400
20140405,1434,20150204T172215Z,401
20140406,1434,20150204T172215Z,402
20140407,1434,20140801T025223Z,403
20140408,1434,20140801T025223Z,404
20140409,1434,20140801T025223Z,405
20140410,1434,20140801T025223Z,406
20140411,1434,20140801T025223Z,407
20140412,1434,20140801T025223Z,408
20140413,1434,20140801T025223Z,409
20140414,1434,20140801T025223Z,410
20140415,1434,20140801T025223Z,411
20140416,1434,20140801T025223Z,412
20140417,1434,20150417T154330Z,413
20140418,1434,20140801T025223Z,414
20140419,1434,20140801T025223Z,415
20140420,1434,20150204T172215Z,416
20140421,1434,20140801T025223Z,417
20140422,1434,20140801T025223Z,418
20140423,1434,20140801T025223Z,419
20140424,1434,20140801T025223Z,420
20140425,1434,20140801T025223Z,421
20140426,1434,20140801T025223Z,422
20140427,1434,20140801T025223Z,423
20140428,1434,20140430T121707Z,424
20140429,1434,20140430T235816Z,425
20140430,1434,20140801T025223Z,426
20140501,1434,20140801T025223Z,427
20140502,1434,20140801T025223Z,428
20140503,1434,20140801T025223Z,429
20140504,1434,20140801T025223Z,430
20140505,1434,20140801T025223Z,431
20140506,1434,20140801T025223Z,432
20140507,1434,20140801T025223Z,433
20140508,1434,20140801T025223Z,434
20140509,1434,20140511T094233Z,435
20140510,1434,20140511T182009Z,436
20140511,1434,20140512T214601Z,437
20140512,1434,20140801T025223Z,438
20140513,1434,20140801T025223Z,439
20140514,1434,20150204T172215Z,440
20140515,1434,20140801T025223Z,441
20140516,1434,20140801T025223Z,442
20140517,1434,20140801T025223Z,443
20140518,1434,20150204T172215Z,444
20140519,1434,20140801T025223Z,445
20140520,1434,20140801T025223Z,446
20140521,1434,20140801T025223Z,447
20140522,1434,20140801T025223Z,448
20140523,1434,20150204T172215Z,449
20140524,1434,20140801T025223Z,450
20140525,1434,20140801T025223Z,451
20140526,1434,20140801T025223Z,452
20140527,1434,20140801T025223Z,453
20140528,1434,20141108T162351Z,454
20140529,1434,20140801T025223Z,455
20140530,1434,20140801T025223Z,456
20140531,1434,20140801T025223Z,457
20140601,1434,20150204T172215Z,458
20140602,1434,20140801T025223Z,459
20140603,1434,20140801T025223Z,460
20140604,1434,20140801T025223Z,461
20140605,1434,20140801T025223Z,462
20140606,1434,20140801T025223Z,463
20140607,1434,20140801T025223Z,464
20140608,1434,20140801T025223Z,465
20140609,1434,20140801T025223Z,466
20140610,1434,20140801T025223Z,467
20140611,1434,20140801T025223Z,468
20140612,1434,20140801T025223Z,469
20140613,1434,20140801T025223Z,470
20140614,1434,20140801T025223Z,471
20140615,1434,20140801T025223Z,472
20140616,1434,20140801T025223Z,473
20140617,1434,20140912T220122Z,474
20140618,1434,20140801T025223Z,475
20140619,1434,20140801T025223Z,476
20140620,1434,20140801T025223Z,477
20140621,1434,20140801T025223Z,478
20140622,1434,20140801T025223Z,479
20140623,1434,20140623T163703Z,480
20140709,1434,20140711T010930Z,481
20140710,1434,20140801T025223Z,482
20140711,1434,20140801T025223Z,483
20140712,1434,20140801T025223Z,484
20140713,1434,20140801T025223Z,485
20140714,1434,20140801T025223Z,486
20140715,1434,20140801T025223Z,487
20140716,1434,20140730T194817Z,488
20140717,1434,20140730T194817Z,489
20140718,1434,20140730T194817Z,490
20140719,1434,20140730T194817Z,491
20140720,1434,20140730T194817Z,492
20140721,1434,20140730T194817Z,493
20140722,1434,20140730T194817Z,494
20140723,1434,20140730T194817Z,495
20140724,1434,20150417T154317Z,496
20140725,1434,20150204T172215Z,497
20140726,1434,20140730T194817Z,498
20140727,1434,20140730T194817Z,499
20140728,1434,20140808T230401Z,500
20140729,1434,20140730T194817Z,501
20140730,1434,20140731T160911Z,502
20140731,1434,20150307T131404Z,503
20140801,1434,20150307T131404Z,504
20140802,1434,20150307T131404Z,505
20140803,1434,20150307T131404Z,506
20140804,1434,20150307T131404Z,507
20140805,1434,20150307T131404Z,508
20140806,1434,20150307T131404Z,509
20140807,1434,20150307T131404Z,510
20140808,1434,20150307T131404Z,511
20140809,1434,20150307T131404Z,512
20140810,1434,20150307T131404Z,513
20140811,1434,20150307T131404Z,514
20140812,1434,20150307T131404Z,515
20140813,1434,20150307T131404Z,516
20140814,1434,20150307T131404Z,517
20140815,1434,20150307T131404Z,518
20140816,1434,20150307T131404Z,519
20140817,1434,20150307T131404Z,520
20140818,1434,20150307T131404Z,521
20140819,1434,20150307T131404Z,522
20140820,1434,20150307T131404Z,523
20140821,1434,20150307T131404Z,524
20140822,1434,20150307T131404Z,525
20140831,1434,20150307T131404Z,526
20140901,1434,20150307T131404Z,527
20140902,1434,20150307T131404Z,528
20140903,1434,20150307T131404Z,529
20140904,1434,20150307T131404Z,530
20140905,1434,20150307T131404Z,531
20140906,1434,20150307T131404Z,532
20140907,1434,20150307T131404Z,533
20140908,1434,20150307T131404Z,534
20140909,1434,20150307T131404Z,535
20140910,1434,20150307T131404Z,536
20140911,1434,20150307T131404Z,537
20140912,1434,20150307T131404Z,538
20140913,1434,20150307T131404Z,539
20140914,1434,20150307T131404Z,540
20140915,1434,20150307T131404Z,541
20140916,1434,20150307T131404Z,542
20140917,1434,20150307T131404Z,543
20140918,1434,20150307T131404Z,544
20140919,1434,20150307T131404Z,545
20140920,1434,20150307T131404Z,546
20140921,1434,20150307T131404Z,547
20140922,1434,20150307T131404Z,548
20140923,1434,20150307T131404Z,549
20140924,1434,20150307T131404Z,550
20140925,1434,20150417T154317Z,551
20140926,1434,20150307T131404Z,552
20140927,1434,20150307T131404Z,553
20140928,1434,20150307T131404Z,554
20140929,1434,20150307T131404Z,555
20140930,1434,20150307T131404Z,556
20141001,1434,20150307T131404Z,557
20141002,1434,20150307T131404Z,558
20141003,1434,20150307T131404Z,559
20141004,1434,20150307T131404Z,560
20141005,1434,20150307T131404Z,561
20141006,1434,20150307T131404Z,562
20141007,1434,20150307T131404Z,563
20141008,1434,20150307T131404Z,564
20141009,1434,20150307T131404Z,565
20141010,1434,20150307T131404Z,566
20141011,1434,20150307T131404Z,567
20141012,1434,20150307T131404Z,568
20141013,1434,20150307T131404Z,569
20141014,1434,20150307T131404Z,570
20141015,1434,20150307T131404Z,571
20141016,1434,20150417T154317Z,572
20141017,1434,20150307T131404Z,573
20141018,1434,20150307T131404Z,574
20141019,1434,20150307T131404Z,575
20141020,1434,20150307T131404Z,576
20141021,1434,20150307T131404Z,577
20141022,1434,20150307T131404Z,578
20141023,1434,20150307T131404Z,579
20141024,1434,20150307T131404Z,580
20141025,1434,20150307T131404Z,581
20141026,1434,20150307T131404Z,582
20141027,1434,20150307T131404Z,583
20141028,1434,20150307T131404Z,584
20141029,1434,20150307T131404Z,585
20141030,1434,20150417T154317Z,586
20141031,1434,20150307T131404Z,587
20141101,1434,20150307T131404Z,588
20141102,1494,20150307T131404Z,589
20141103,1434,20150307T131404Z,590
20141104,1434,20150307T131404Z,591
20141105,1434,20150307T131404Z,592
20141106,1434,20150307T131404Z,593
20141107,1434,20150307T131404Z,594
20141108,1434,20150307T131404Z,595
20141109,1434,20150307T131404Z,596
20141110,1434,20150307T131404Z,597
20141111,1434,20150417T154330Z,598
20141112,1434,20150307T131404Z,599
20141113,1434,20150307T131404Z,600
20141114,1434,20150307T131404Z,601
20141115,1434,20170911T132855Z,602
20141116,1434,20150307T131404Z,603
20141117,1434,20150307T131404Z,604
20141118,1434,20150307T131404Z,605
20141119,1434,20150307T131404Z,606
20141120,1434,20150417T154317Z,607
20141121,1434,20150307T131404Z,608
20141122,1434,20150307T131404Z,609
20141123,1434,20150307T131404Z,610
20141124,1434,20150307T131404Z,611
20141125,1434,20150307T131404Z,612
20141126,1434,20150307T131404Z,613
20141127,1434,20150307T131404Z,614
20141128,1434,20150307T131404Z,615
20141129,1434,20150307T131404Z,616
20141130,1434,20150307T131404Z,617
20141201,1434,20150307T131404Z,618
20141202,1434,20150307T131404Z,619
20141203,1434,20150307T131404Z,620
20141204,1434,20150307T131404Z,621
20141205,1434,20150307T131404Z,622
20141206,1434,20150307T131404Z,623
20141207,1434,20150307T131404Z,624
20141208,1434,20150307T131404Z,625
20141209,1434,20150307T131404Z,626
20141210,1434,20150307T131404Z,627
20141211,1434,20150307T131404Z,628
20141212,1434,20150307T131404Z,629
20141213,1434,20141214T115504Z,630
20141214,1434,20170911T132855Z,631
20141215,1434,20150212T171343Z,632
20141216,1434,20150212T171343Z,633
20141217,1434,20150212T171343Z,634
20141218,1434,20150417T154317Z,635
20141219,1434,20150212T171343Z,636
20141220,1434,20141222T063654Z,637
20141221,1434,20141222T211515Z,638
20141222,1434,20141223T221031Z,639
20141223,1434,20141224T165951Z,640
20141224,1434,20141225T221152Z,641
20141225,1434,20141227T223752Z,642
20141226,1434,20141227T223752Z,643
20141227,1434,20141228T173830Z,644
20141228,1434,20150204T172215Z,645
20141229,1434,20150212T171343Z,646
20141230,1434,20150212T171343Z,647
20141231,1434,20150212T171343Z,648
20150101,1429,20150102T165312Z,649
20150102,1429,20150212T171343Z,650
20150103,1429,20150105T171043Z,651
20150104,1429,20150105T171043Z,652
20150105,1429,20150212T171343Z,653
20150106,1429,20150212T171343Z,654
20150107,1429,20150212T171343Z,655
20150108,1429,20150212T171343Z,656
20150109,1429,20150307T131404Z,657
20150110,1429,20150307T131404Z,658
20150111,1429,20150307T131404Z,659
20150112,1429,20150307T131404Z,660
20150113,1429,20150307T131404Z,661
20150114,1429,20150307T131404Z,662
20150115,1429,20150307T131404Z,663
20150116,1429,20150307T131404Z,664
20150117,1429,20150307T131404Z,665
20150118,1429,20150307T131404Z,666
20150119,1429,20150307T131404Z,667
20150120,1429,20150307T131404Z,668
20150121,1429,20150307T131404Z,669
20150122,1429,20150307T131404Z,670
20150123,1429,20150307T131404Z,671
20150124,1429,20150307T131404Z,672
20150125,1429,20150307T131404Z,673
20150126,1429,20150307T131404Z,674
20150127,1429,20150307T131404Z,675
20150128,1429,20150307T131404Z,676
20150129,1429,20150307T131404Z,677
20150130,1429,20150307T131404Z,678
20150131,1429,20150204T172138Z,679
20150201,1429,20150204T172215Z,680
20150202,1429,20150212T171343Z,681
20150203,1429,20150212T171343Z,682
20150204,1429,20150307T131404Z,683
20150205,1429,20150417T154317Z,684
20150206,1429,20150307T131404Z,685
20150207,1429,20150208T194302Z,686
20150208,1429,20150307T131404Z,687
20150209,1429,20150307T131404Z,688
20150210,1429,20150307T131404Z,689
20150211,1429,20150307T131404Z,690
20150212,1429,20150417T154330Z,691
20150213,1429,20150307T131404Z,692
20150214,1429,20150215T225048Z,693
20150215,1429,20150217T011642Z,694
20150216,1429,20150217T194814Z,695
20150217,1429,20150307T131404Z,696
20150218,1429,20150307T131404Z,697
20150219,1429,20150307T131404Z,698
20150220,1429,20150221T185659Z,699
20150221,1429,20150222T202031Z,700
20150222,1429,20150307T131404Z,701
20150223,1429,20150307T131404Z,702
20150224,1429,20150307T131404Z,703
20150225,1429,20150307T131404Z,704
20150226,1429,20150307T131404Z,705
20150227,1429,20150307T131404Z,706
20150228,1429,20150301T212223Z,707
20150301,1429,20150302T171953Z,708
20150302,1429,20150307T131404Z,709
20150303,1429,20150307T131404Z,710
20150304,1429,20150305T170338Z,711
20150305,1429,20150307T131404Z,712
20150306,1429,20150307T224117Z,713
20150307,1429,20150308T172041Z,714
20150308,1369,20150309T175544Z,715
20150309,1429,20150310T161859Z,716
20150310,1429,20150311T200456Z,717
20150311,1429,20150312T161238Z,718
20150312,1429,20150417T154330Z,719
20150313,1429,20150314T224415Z,720
20150314,1429,20150316T004918Z,721
20150315,1429,20150316T161127Z,722
20150316,1429,20150317T180754Z,723
20150317,1429,20150318T184201Z,724
20150318,1429,20150319T165158Z,725
20150319,1429,20150320T155708Z,726
20150320,1429,20150321T213200Z,727
20150321,1429,20150322T210316Z,728
20150322,1429,20150323T165430Z,729
20150323,1429,20150324T160925Z,730
20150324,1429,20150325T180343Z,731
20150325,1429,20150326T160217Z,732
20150326,1429,20150327T155511Z,733
20150327,1429,20150328T214609Z,734
20150328,1429,20150330T015721Z,735
20150329,1429,20150330T191153Z,736
20150330,1429,20150331T160854Z,737
20150331,1429,20150417T154330Z,738
20150401,1429,20150402T163423Z,739
20150402,1429,20150417T154330Z,740
20150403,1429,20150404T213303Z,741
20150404,1429,20150405T190241Z,742
20150405,1429,20150406T221234Z,743
20150406,1429,20150407T162301Z,744
20150407,1429,20150408T164440Z,745
20150408,1429,20150409T163405Z,746
20150409,1429,20150410T155719Z,747
20150410,1429,20150411T204240Z,748
20150411,1429,20150412T230603Z,749
20150412,1429,20150413T162327Z,750
20150413,1429,20150414T154301Z,751
20150414,1429,20150415T153057Z,752
20150415,1429,20150416T155422Z,753
20150416,1429,20150417T163908Z,754
20150417,1429,20150418T190519Z,755
20150418,1429,20150419T184129Z,756
20150419,1429,20150420T161959Z,757
20150420,1429,20150421T151850Z,758
20150421,1429,20150422T160427Z,759
20150422,1429,20150423T175103Z,760
20150423,1429,20150424T233342Z,761
20150424,1429,20150425T185025Z,762
20150425,1429,20150426T190519Z,763
20150426,1429,20150427T195625Z,764
20150427,1429,20150428T164009Z,765
20150428,1429,20150429T161802Z,766
20150429,1429,20150430T201628Z,767
20150430,1429,20150501T172205Z,768
20150501,1429,20150502T181021Z,769
20150502,1429,20150504T055003Z,770
20150503,1429,20150504T164609Z,771
20150504,1429,20150505T163833Z,772
20150505,1429,20150506T174243Z,773
20150506,1429,20150507T170308Z,774
20150507,1429,20150508T181619Z,775
20150508,1429,20150509T191138Z,776
20150509,1429,20150510T165458Z,777
20150510,1429,20150511T155029Z,778
20150511,1429,20150512T172929Z,779
20150512,1429,20150513T165734Z,780
20150513,1429,20150514T163436Z,781
20150514,1429,20150515T161455Z,782
20150515,1429,20150516T174628Z,783
20150516,1429,20150518T005403Z,784
20150517,1429,20150518T163116Z,785
20150518,1429,20150519T161143Z,786
20150519,1429,20150520T165359Z,787
20150520,1429,20150521T165556Z,788
20150521,1429,20150522T152127Z,789
20150522,1429,20150523T174352Z,790
20150523,1429,20150524T210551Z,791
20150524,1429,20150525T183457Z,792
20150525,1429,20150526T153319Z,793
20150526,1429,20150527T165938Z,794
20150527,1429,20150528T145123Z,795
20150528,1429,20150529T203104Z,796
20150529,1429,20150530T190737Z,797
20150530,1429,20150531T183514Z,798
20150531,1429,20150601T163647Z,799
20150601,1429,20150602T172922Z,800
20150602,1429,20150603T163243Z,801
20150603,1429,20150604T152044Z,802
20150604,1429,20150605T162314Z,803
20150605,1429,20150606T175106Z,804
20150606,1429,20150607T203714Z,805
20150607,1429,20150608T163245Z,806
20150608,1429,20150609T173224Z,807
20150609,1429,20150610T185853Z,808
20150610,1429,20150611T155116Z,809
20150611,1429,20150612T194244Z,810
20150612,1429,20150613T170019Z,811
20150613,1429,20150614T223620Z,812
20150614,1429,20150615T171855Z,813
20150615,1429,20150616T151820Z,814
20150616,1429,20150617T161507Z,815
20150617,1429,20150618T163943Z,816
20150618,1429,20150619T150939Z,817
20150619,1429,20150620T174105Z,818
20150620,1429,20150621T154722Z,819
20150621,1429,20150622T182622Z,820
20150622,1429,20150623T174011Z,821
20150623,1429,20150624T165049Z,822
20150624,1429,20150625T174730Z,823
20150625,1429,20150626T165814Z,824
20150626,1429,20150627T193741Z,825
20150627,1429,20150629T034648Z,826
20150628,1429,20150629T175349Z,827
20150629,1429,20150630T170532Z,828
20150630,1429,20150701T175313Z,829
20150701,1429,20150702T185217Z,830
20150702,1429,20150703T175141Z,831
20150703,1429,20150704T150722Z,832
20150704,1429,20150705T185801Z,833
20150705,1429,20150706T153229Z,834
20150706,1429,20150707T163234Z,835
20150707,1429,20150708T172732Z,836
20150708,1429,20150709T165127Z,837
20150709,1429,20150710T160633Z,838
20150710,1429,20150711T174834Z,839
20150711,1429,20150712T165452Z,840
20150712,1429,20150713T173543Z,841
20150713,1429,20150714T164351Z,842
20150714,1429,20150715T173218Z,843
20150715,1429,20150716T164604Z,844
20150716,1429,20150717T172014Z,845
20150717,1429,20150718T195013Z,846
20150718,1429,20150719T170833Z,847
20150719,1429,20150720T175320Z,848
20150720,1429,20150721T161224Z,849
20150721,1429,20150722T185049Z,850
20150722,1429,20150723T164252Z,851
20150723,1429,20150724T155534Z,852
20150724,1429,20150725T165826Z,853
20150725,1429,20150726T170534Z,854
20150726,1429,20150727T161324Z,855
20150727,1429,20150728T170248Z,856
20150728,1429,20150729T201154Z,857
20150729,1429,20150730T180618Z,858
20150730,1429,20150731T190023Z,859
20150731,1429,20150801T182004Z,860
20150801,1429,20150802T174116Z,861
20150802,1429,20150803T153224Z,862
20150803,1429,20150804T175200Z,863
20150804,1429,20150805T172642Z,864
20150805,1429,20150806T200625Z,865
20150806,1429,20150807T161751Z,866
20150807,1429,20150808T203741Z,867
20150808,1429,20150809T183631Z,868
20150809,1429,20150810T162220Z,869
20150810,1429,20150811T171705Z,870
20150811,1429,20150812T163157Z,871
20150812,1429,20150813T173040Z,872
20150813,1429,20150814T152635Z,873
20150814,1429,20150815T174339Z,874
20150815,1429,20150818T023644Z,875
20150816,1429,20150818T023251Z,876
20150817,1429,20150818T181548Z,877
20150818,1429,20150819T174052Z,878
20150819,1429,20150820T164016Z,879
20150820,1429,20150821T155529Z,880
20150821,1429,20150822T182704Z,881
20150822,1429,20150823T235438Z,882
20150823,1429,20150825T191104Z,883
20150824,1429,20150825T191104Z,884
20150825,1429,20150826T225447Z,885
20150826,1429,20150828T171537Z,886
20150827,1429,20150828T171537Z,887
20150828,1429,20150905T003719Z,888
20150829,1429,20150831T162906Z,889
20150830,1429,20150831T162906Z,890
20150831,1429,20150901T171941Z,891
20150901,1429,20150903T172214Z,892
20150902,1429,20150903T172214Z,893
20150903,1429,20151214T190029Z,894
20150904,1429,20150906T225812Z,895
20150905,1429,20150907T221643Z,896
20150906,1429,20150907T221643Z,897
20150907,1429,20150908T153040Z,898
20150908,1429,20150909T161906Z,899
20150909,1429,20150910T161315Z,900
20150910,1429,20151214T190029Z,901
20150911,1429,20150912T192742Z,902
20150912,1429,20150914T010338Z,903
20150913,1429,20150914T163610Z,904
20150914,1429,20150915T172418Z,905
20150915,1429,20150916T181211Z,906
20150916,1429,20150917T155220Z,907
20150917,1429,20150918T164326Z,908
20150918,1429,20150919T203639Z,909
20150919,1429,20150921T060259Z,910
20150920,1429,20150921T170021Z,911
20150921,1429,20150922T162922Z,912
20150922,1429,20150923T220134Z,913
20150923,1429,20150924T164938Z,914
20150924,1429,20151214T190029Z,915
20150925,1429,20150926T213324Z,916
20150926,1429,20150927T205355Z,917
20150927,1429,20150928T154651Z,918
20150928,1429,20150929T190618Z,919
20150929,1429,20150930T153540Z,920
20150930,1429,20151001T234349Z,921
20151001,1429,20151002T152855Z,922
20151002,1429,20151003T215549Z,923
20151003,1429,20151005T171548Z,924
20151004,1429,20151005T171548Z,925
20151005,1429,20151006T162754Z,926
20151006,1429,20151007T172117Z,927
20151007,1429,20151008T163330Z,928
20151008,1429,20151009T172611Z,929
20151009,1429,20151010T165412Z,930
20151010,1429,20151012T172137Z,931
20151011,1429,20151012T172137Z,932
20151012,1429,20151014T002914Z,933
20151013,1429,20151014T174116Z,934
20151014,1429,20151015T184452Z,935
20151015,1429,20151016T182445Z,936
20151016,1429,20151017T180606Z,937
20151017,1429,20151018T185917Z,938
20151018,1429,20151019T175347Z,939
20151019,1429,20151020T173549Z,940
20151020,1429,20151021T171811Z,941
20151021,1429,20151022T163053Z,942
20151022,1429,20151023T170641Z,943
20151023,1429,20151024T191249Z,944
20151024,1429,20151025T185731Z,945
20151025,1429,20151026T173848Z,946
20151026,1429,20151027T165240Z,947
20151027,1429,20151028T173554Z,948
20151028,1429,20151029T164849Z,949
20151029,1429,20151030T172606Z,950
20151030,1429,20151031T162942Z,951
20151031,1429,20151101T195222Z,952
20151101,1488,20151102T202512Z,953
20151102,1429,20151103T170014Z,954
20151103,1429,20151104T174103Z,955
20151104,1429,20151105T175935Z,956
20151105,1429,20151106T231950Z,957
20151106,1429,20151107T205411Z,958
20151107,1429,20151109T012748Z,959
20151108,1429,20151110T012613Z,960
20151109,1429,20151110T182626Z,961
20151110,1429,20151111T205338Z,962
20151111,1429,20151112T171238Z,963
20151112,1429,20151214T190029Z,964
20151113,1429,20151114T201627Z,965
20151114,1429,20151115T200557Z,966
20151115,1429,20151116T213715Z,967
20151116,1429,20151117T174419Z,968
20151117,1429,20151118T165905Z,969
20151118,1429,20151120T003522Z,970
20151119,1429,20151120T174206Z,971
20151120,1429,20151214T190029Z,972
20151121,1429,20151122T201816Z,973
20151122,1429,20151123T182147Z,974
20151123,1429,20151124T220718Z,975
20151124,1429,20151125T212025Z,976
20151125,1429,20151127T184430Z,977
20151126,1429,20151127T201518Z,978
20151127,1429,20151129T164136Z,979
20151129,1429,20151130T173116Z,980
20151130,1429,20151201T180228Z,981
20151201,1429,20151202T183318Z,982
20151202,1429,20151203T175108Z,983
20151203,1429,20151214T190029Z,984
20151204,1429,20151214T190029Z,985
20151205,1429,20151206T212955Z,986
20151206,1429,20151207T191154Z,987
20151207,1429,20151214T190029Z,988
20151208,1429,20151209T173232Z,989
20151209,1429,20151210T180952Z,990
20151210,1429,20151211T181801Z,991
20151211,1429,20151214T190029Z,992
20151212,1429,20151213T213333Z,993
20151213,1429,20151214T175318Z,994
20151214,1429,20151215T181712Z,995
20151215,1429,20151216T173047Z,996
20151216,1429,20151217T181715Z,997
20151217,1429,20151218T185324Z,998
20151218,1429,20151219T215935Z,999
20151219,1429,20151220T224816Z,1000
20151220,1429,20151221T191457Z,1001
20151221,1429,20151222T231555Z,1002
20151222,1429,20151223T163239Z,1003
20151223,1429,20151224T184349Z,1004
20151224,1429,20151225T195646Z,1005
20151225,1429,20151226T190052Z,1006
20151226,1429,20151228T194137Z,1007
20151227,1429,20151228T194137Z,1008
20151228,1429,20151230T005432Z,1009
20151229,1429,20151230T203226Z,1010
20151230,1429,20151231T174421Z,1011
20151231,1429,20160101T212529Z,1012
20160101,1424,20160102T171057Z,1013
20160102,1424,20160103T184825Z,1014
20160103,1424,20160104T212448Z,1015
20160104,1424,20160105T184615Z,1016
20160105,1424,20160107T021640Z,1017
20160106,1424,20160107T175131Z,1018
20160107,1424,20160108T201142Z,1019
20160108,1424,20160109T171704Z,1020
20160109,1424,20160110T175707Z,1021
20160110,1424,20160111T200659Z,1022
20160111,1424,20160112T174718Z,1023
20160112,1424,20160113T181608Z,1024
20160113,1424,20160114T172355Z,1025
20160114,1424,20160116T221000Z,1026
20160115,1424,20160116T221000Z,1027
20160116,1424,20160117T182453Z,1028
20160117,1424,20160118T172118Z,1029
20160118,1424,20160119T194524Z,1030
20160119,1424,20160120T182424Z,1031
20160120,1424,20160121T180102Z,1032
20160121,1424,20160122T174803Z,1033
20160122,1424,20160123T104713Z,1034
20160123,1424,20160124T210705Z,1035
20160124,1424,20160125T171144Z,1036
20160125,1424,20160126T175154Z,1037
20160126,1424,20160127T174443Z,1038
20160127,1424,20160128T165916Z,1039
20160128,1424,20160130T072315Z,1040
20160129,1424,20160130T194300Z,1041
20160130,1424,20160131T212406Z,1042
20160131,1424,20160202T020009Z,1043
20160201,1424,20160202T172657Z,1044
20160202,1424,20160203T164424Z,1045
20160203,1424,20160204T172447Z,1046
20160204,1424,20160205T181709Z,1047
20160205,1424,20160206T204504Z,1048
20160206,1424,20160207T180635Z,1049
20160207,1424,20160208T173753Z,1050
20160208,1424,20160209T151219Z,1051
20160209,1424,20160210T173729Z,1052
20160210,1424,20160211T182440Z,1053
20160211,1424,20160212T162525Z,1054
20160212,1424,20160213T181509Z,1055
20160213,1424,20160214T011633Z,1056
20160214,1424,20160215T174659Z,1057
20160215,1424,20160229T175341Z,1058
20160216,1424,20160217T180741Z,1059
20160217,1424,20160218T171803Z,1060
20160218,1424,20160219T181424Z,1061
20160219,1424,20160229T175341Z,1062
20160220,1424,20160221T164132Z,1063
20160221,1424,20160222T181320Z,1064
20160222,1424,20160223T172241Z,1065
20160223,1424,20160224T173703Z,1066
20160224,1424,20160225T182627Z,1067
20160225,1424,20160226T174223Z,1068
20160226,1424,20160229T175341Z,1069
20160227,1424,20160228T191340Z,1070
20160228,1424,20160229T164759Z,1071
20160229,1424,20160301T184244Z,1072
20160301,1424,20160302T175503Z,1073
20160302,1424,20160303T184325Z,1074
20160303,1424,20160304T175553Z,1075
20160304,1424,20160305T170820Z,1076
20160305,1424,20160306T182941Z,1077
20160306,1424,20160307T171259Z,1078
20160307,1424,20160308T172847Z,1079
20160308,1424,20160309T164959Z,1080
20160309,1424,20160310T172609Z,1081
20160310,1424,20160311T181038Z,1082
20160311,1424,20160312T185312Z,1083
20160312,1424,20160313T183337Z,1084
20160313,1364,20160314T162047Z,1085
20160314,1424,20160315T170957Z,1086
20160315,1424,20160316T161022Z,1087
20160316,1424,20160317T165842Z,1088
20160317,1424,20160318T171000Z,1089
20160318,1424,20160319T162409Z,1090
20160319,1424,20160320T171706Z,1091
20160320,1424,20160321T162508Z,1092
20160321,1424,20160322T155034Z,1093
20160322,1424,20160323T163556Z,1094
20160323,1424,20160324T172425Z,1095
20160324,1424,20160325T163401Z,1096
20160325,1424,20160326T161604Z,1097
20160326,1424,20160327T134340Z,1098
20160327,1424,20160328T170323Z,1099
20160328,1424,20160329T163206Z,1100
20160329,1424,20160330T154621Z,1101
20160330,1424,20160331T162949Z,1102
20160331,1424,20160401T163140Z,1103
20160401,1424,20160402T173459Z,1104
20160402,1424,20160403T190034Z,1105
20160403,1424,20160404T161934Z,1106
20160404,1424,20160405T165802Z,1107
20160405,1424,20160406T162355Z,1108
20160406,1424,20160407T161732Z,1109
20160407,1424,20160408T165843Z,1110
20160408,1424,20160409T152345Z,1111
20160409,1424,20160410T160832Z,1112
20160410,1424,20160411T160033Z,1113
20160411,1424,20160412T163529Z,1114
20160412,1424,20160413T165806Z,1115
20160413,1424,20160414T161217Z,1116
20160414,1424,20160415T171515Z,1117
20160415,1424,20160416T165740Z,1118
20160416,1424,20160417T174841Z,1119
20160417,1424,20160418T164617Z,1120
20160418,1424,20160419T171357Z,1121
20160419,1424,20160420T161735Z,1122
20160420,1424,20160421T162510Z,1123
20160421,1424,20160422T161712Z,1124
20160422,1424,20160423T145259Z,1125
20160423,1424,20160424T165541Z,1126
20160424,1424,20160425T165825Z,1127
20160425,1424,20160426T161142Z,1128
20160426,1424,20160427T152606Z,1129
20160427,1424,20160428T205855Z,1130
20160428,1424,20160429T172623Z,1131
20160429,1424,20160430T185600Z,1132
20160430,1424,20160501T215256Z,1133
20160501,1424,20160504T121842Z,1134
20160502,1424,20160503T164002Z,1135
20160503,1424,20160504T135301Z,1136
20160504,1424,20160505T135539Z,1137
20160505,1424,20160506T154755Z,1138
20160506,1424,20160507T152111Z,1139
20160507,1424,20160508T141351Z,1140
20160508,1424,20160509T162859Z,1141
20160509,1424,20160510T171956Z,1142
20160510,1424,20160511T173226Z,1143
20160511,1424,20160512T160555Z,1144
20160512,1424,20160513T152515Z,1145
20160513,1424,20160514T161157Z,1146
20160514,1424,20160515T202103Z,1147
20160515,1424,20160516T171330Z,1148
20160516,1424,20160517T162649Z,1149
20160517,1424,20160518T183817Z,1150
20160518,1424,20160519T161123Z,1151
20160519,1424,20160520T170121Z,1152
20160520,1424,20160521T180103Z,1153
20160521,1424,20160522T164316Z,1154
20160522,1424,20160523T173203Z,1155
20160523,1424,20160524T165626Z,1156
20160524,1424,20160525T143715Z,1157
20160525,1424,20160526T165240Z,1158
20160526,1424,20160527T144943Z,1159
20160527,1424,20160528T214557Z,1160
20160528,1424,20160529T183942Z,1161
20160529,1424,20160530T163224Z,1162
20160530,1424,20160531T162531Z,1163
20160531,1424,20160601T175034Z,1164
20160601,1424,20160602T165400Z,1165
20160602,1424,20160603T151626Z,1166
20160603,1424,20160604T143422Z,1167
20160604,1424,20160605T174026Z,1168
20160605,1424,20160606T152450Z,1169
20160606,1424,20160607T165534Z,1170
20160607,1424,20160608T160741Z,1171
20160608,1424,20160609T165522Z,1172
20160609,1424,20160610T155303Z,1173
20160610,1424,20160611T182210Z,1174
20160611,1424,20160612T175532Z,1175
20160612,1424,20160613T170620Z,1176
20160613,1424,20160614T145818Z,1177
20160614,1424,20160615T160552Z,1178
20160615,1424,20160616T154846Z,1179
20160616,1424,20160617T144814Z,1180
20160617,1424,20160618T155623Z,1181
20160618,1424,20160619T205918Z,1182
20160619,1424,20160620T183131Z,1183
20160620,1424,20160621T162253Z,1184
20160621,1424,20160622T153043Z,1185
20160622,1424,20160623T162503Z,1186
20160623,1424,20160624T142147Z,1187
20160624,1424,20160625T134211Z,1188
20160625,1424,20160626T143255Z,1189
20160626,1424,20160627T165713Z,1190
20160627,1424,20160628T161030Z,1191
20160628,1424,20160629T170402Z,1192
20160629,1424,20160701T034554Z,1193
20160630,1424,20160701T160226Z,1194
20160701,1424,20160702T174957Z,1195
20160702,1424,20160703T171415Z,1196
20160703,1424,20160704T230739Z,1197
20160704,1424,20160705T144523Z,1198
20160705,1424,20160706T150840Z,1199
20160706,1424,20160707T155644Z,1200
20160707,1424,20160708T150331Z,1201
20160708,1424,20160709T015301Z,1202
20160709,1424,20160710T190235Z,1203
20160710,1424,20160711T151755Z,1204
20160711,1424,20160712T165701Z,1205
20160712,1424,20160713T141553Z,1206
20160713,1424,20160714T162603Z,1207
20160714,1424,20160715T140903Z,1208
20160715,1424,20160716T155515Z,1209
20160716,1424,20160717T150720Z,1210
20160717,1424,20160718T150332Z,1211
20160718,1424,20160719T154858Z,1212
20160719,1424,20160720T163645Z,1213
20160720,1424,20160721T154404Z,1214
20160721,1424,20160722T152243Z,1215
20160722,1424,20160723T191631Z,1216
20160723,1424,20160724T204102Z,1217
20160724,1424,20160725T165809Z,1218
20160725,1424,20160726T160218Z,1219
20160726,1424,20160727T163434Z,1220
20160727,1424,20160728T154450Z,1221
20160728,1424,20160729T152930Z,1222
20160729,1424,20160730T144837Z,1223
20160730,1424,20160731T221114Z,1224
20160731,1424,20160801T161852Z,1225
20160801,1424,20160802T160401Z,1226
20160802,1424,20160803T161819Z,1227
20160803,1424,20160804T153749Z,1228
20160804,1424,20160805T162259Z,1229
20160805,1424,20160806T184640Z,1230
20160806,1424,20160807T151637Z,1231
20160807,1424,20160808T152628Z,1232
20160808,1424,20160809T162258Z,1233
20160809,1424,20160810T163116Z,1234
20160810,1424,20160811T154402Z,1235
20160811,1424,20160812T145952Z,1236
20160812,1424,20160814T141730Z,1237
20160813,1424,20160814T203218Z,1238
20160814,1424,20160815T171316Z,1239
20160815,1424,20160816T164633Z,1240
20160816,1424,20160817T163556Z,1241
20160817,1424,20160818T155441Z,1242
20160818,1424,20160819T150729Z,1243
20160819,1424,20160820T161600Z,1244
20160820,1424,20160821T221416Z,1245
20160821,1424,20160822T164354Z,1246
20160822,1424,20160823T154946Z,1247
20160823,1424,20160824T164813Z,1248
20160824,1424,20160825T155610Z,1249
20160825,1424,20160826T163404Z,1250
20160826,1424,20160901T022141Z,1251
20160827,1424,20160901T022149Z,1252
20160828,1424,20160829T133843Z,1253
20160829,1424,20160831T141925Z,1254
20160830,1424,20160831T141648Z,1255
20160831,1424,20160901T162940Z,1256
20160901,1424,20160902T151006Z,1257
20160902,1424,20160903T173044Z,1258
20160903,1424,20160904T212616Z,1259
20160904,1424,20160905T164935Z,1260
20160905,1424,20160906T161039Z,1261
20160906,1424,20160907T162347Z,1262
20160907,1424,20160908T154155Z,1263
20160908,1424,20160909T145127Z,1264
20160909,1424,20160910T154032Z,1265
20160910,1424,20160911T192601Z,1266
20160911,1424,20160912T154739Z,1267
20160912,1424,20160913T163453Z,1268
20160913,1424,20160914T155437Z,1269
20160914,1424,20160915T165447Z,1270
20160915,1424,20160916T143000Z,1271
20160916,1424,20160917T184416Z,1272
20160917,1424,20160918T161510Z,1273
20160918,1424,20160919T151010Z,1274
20160919,1424,20160920T161033Z,1275
20160920,1424,20160921T163822Z,1276
20160921,1424,20160922T155827Z,1277
20160922,1424,20160923T150736Z,1278
20160923,1424,20160924T164523Z,1279
20160924,1424,20160925T173708Z,1280
20160925,1424,20160926T165847Z,1281
20160926,1424,20160927T161150Z,1282
20160927,1424,20160928T164248Z,1283
20160928,1424,20160929T160453Z,1284
20160929,1424,20160930T165631Z,1285
20160930,1424,20161001T160954Z,1286
20161001,1424,20161002T181727Z,1287
20161002,1424,20161003T160347Z,1288
20161003,1424,20161004T152040Z,1289
20161004,1424,20161005T164805Z,1290
20161005,1424,20161006T173032Z,1291
20161006,1424,20161007T181224Z,1292
20161007,1424,20161008T155510Z,1293
20161008,1424,20161009T195255Z,1294
20161009,1424,20161010T173527Z,1295
20161010,1424,20161011T161118Z,1296
20161011,1424,20161012T222112Z,1297
20161012,1424,20161013T165248Z,1298
20161013,1424,20161014T160648Z,1299
20161014,1424,20161015T181947Z,1300
20161015,1424,20161016T172306Z,1301
20161016,1424,20161017T162117Z,1302
20161017,1424,20161018T152824Z,1303
20161018,1424,20161019T164712Z,1304
20161019,1424,20161020T153808Z,1305
20161020,1424,20161021T154940Z,1306
20161021,1424,20161022T181002Z,1307
20161022,1424,20161024T224345Z,1308
20161023,1424,20161024T181532Z,1309
20161024,1424,20161025T155027Z,1310
20161025,1424,20161026T161931Z,1311
20161026,1424,20161027T171536Z,1312
20161027,1424,20161028T150200Z,1313
20161028,1424,20161029T184952Z,1314
20161029,1424,20161030T173603Z,1315
20161030,1424,20161031T151412Z,1316
20161031,1424,20161101T154504Z,1317
20161101,1424,20161102T145010Z,1318
20161102,1424,20161103T171000Z,1319
20161103,1424,20161104T162324Z,1320
20161104,1424,20161105T184257Z,1321
20161105,1424,20161106T162453Z,1322
20161106,1483,20161107T172526Z,1323
20161107,1424,20161108T165823Z,1324
20161108,1424,20161109T163527Z,1325
20161109,1424,20161110T172838Z,1326
20161110,1424,20161111T181644Z,1327
20161111,1424,20161112T180417Z,1328
20161112,1424,20161113T193820Z,1329
20161113,1424,20161114T171226Z,1330
20161114,1424,20161115T174430Z,1331
20161115,1424,20161116T162617Z,1332
20161116,1424,20161117T171245Z,1333
20161117,1424,20161118T163156Z,1334
20161118,1424,20161119T171749Z,1335
20161119,1424,20161120T194239Z,1336
20161120,1424,20161121T173745Z,1337
20161121,1424,20161122T165236Z,1338
20161122,1424,20161123T220230Z,1339
20161123,1424,20161124T120001Z,1340
20161124,1424,20161125T172508Z,1341
20161125,1424,20161126T181350Z,1342
20161126,1424,20161127T170923Z,1343
20161127,1424,20161128T140353Z,1344
20161128,1424,20161129T162428Z,1345
20161129,1424,20161130T172053Z,1346
20161130,1424,20161201T171809Z,1347
20161201,1424,20161202T172927Z,1348
20161202,1424,20161203T182342Z,1349
20161203,1424,20161204T192231Z,1350
20161204,1424,20161205T172841Z,1351
20161205,1424,20161206T172654Z,1352
20161206,1424,20161207T165055Z,1353
20161207,1424,20161208T173323Z,1354
20161208,1424,20161209T194758Z,1355
20161209,1424,20161210T172858Z,1356
20161210,1424,20161211T182324Z,1357
20161211,1424,20161212T160336Z,1358
20161212,1424,20161213T164408Z,1359
20161213,1424,20161214T162627Z,1360
20161214,1424,20161215T162048Z,1361
20161215,1424,20161216T171256Z,1362
20161216,1424,20161217T185054Z,1363
20161217,1424,20161218T182756Z,1364
20161218,1424,20161219T190903Z,1365
20161219,1424,20161220T184639Z,1366
20161220,1424,20161221T192624Z,1367
20161221,1424,20161222T182553Z,1368
20161222,1424,20161223T174701Z,1369
20161223,1424,20161224T165952Z,1370
20161224,1424,20161225T205508Z,1371
20161225,1424,20161226T182121Z,1372
20161226,1424,20161227T182016Z,1373
20161227,1424,20161228T203357Z,1374
20161228,1424,20161229T164044Z,1375
20161229,1424,20161230T195522Z,1376
20161230,1424,20161231T005939Z,1377
20161231,1424,20170101T173549Z,1378
20170101,1419,20170102T181457Z,1379
20170102,1419,20170103T172938Z,1380
20170103,1419,20170104T173814Z,1381
20170104,1419,20170105T163228Z,1382
20170105,1419,20170106T161039Z,1383
20170106,1419,20170107T193542Z,1384
20170107,1419,20170911T132855Z,1385
20170108,1419,20170109T174131Z,1386
20170109,1419,20170110T165859Z,1387
20170110,1419,20170111T174326Z,1388
20170111,1419,20170112T170221Z,1389
20170112,1419,20170113T182535Z,1390
20170113,1419,20170114T161045Z,1391
20170114,1419,20170115T180306Z,1392
20170115,1419,20170116T184931Z,1393
20170116,1419,20170117T162941Z,1394
20170117,1419,20170118T162920Z,1395
20170118,1419,20170119T171459Z,1396
20170119,1419,20170120T164410Z,1397
20170120,1419,20170121T180526Z,1398
20170121,1419,20170122T191802Z,1399
20170122,1419,20170123T165440Z,1400
20170123,1419,20170124T164022Z,1401
20170124,1419,20170125T170731Z,1402
20170125,1419,20170126T165645Z,1403
20170126,1419,20170127T162842Z,1404
20170127,1419,20170128T194255Z,1405
20170128,1419,20170129T232542Z,1406
20170129,1419,20170130T165619Z,1407
20170130,1419,20170131T161352Z,1408
20170131,1419,20170201T170028Z,1409
20170201,1419,20170202T160840Z,1410
20170202,1419,20170203T164850Z,1411
20170203,1419,20170204T173104Z,1412
20170204,1419,20170205T225444Z,1413
20170205,1419,20170206T215945Z,1414
20170206,1419,20170207T191315Z,1415
20170207,1419,20170208T165141Z,1416
20170208,1419,20170209T173629Z,1417
20170209,1419,20170210T164726Z,1418
20170210,1419,20170211T205057Z,1419
20170211,1419,20170213T022004Z,1420
20170212,1419,20170214T000108Z,1421
20170213,1419,20170214T171150Z,1422
20170214,1419,20170215T163607Z,1423
20170215,1419,20170216T165040Z,1424
20170216,1419,20170217T173200Z,1425
20170217,1419,20170218T193353Z,1426
20170218,1419,20170219T185127Z,1427
20170219,1419,20170220T180026Z,1428
20170220,1419,20170221T184749Z,1429
20170221,1419,20170222T165556Z,1430
20170222,1419,20170223T174946Z,1431
20170223,1419,20170224T195953Z,1432
20170224,1419,20170225T173257Z,1433
20170225,1419,20170226T200050Z,1434
20170226,1419,20170227T173136Z,1435
20170227,1419,20170228T162520Z,1436
20170228,1419,20170301T160629Z,1437
20170301,1419,20170302T160351Z,1438
20170302,1419,20170303T185613Z,1439
20170303,1419,20170314T135835Z,1440
20170304,1419,20170305T164841Z,1441
20170305,1419,20170306T161046Z,1442
20170306,1419,20170314T135835Z,1443
20170307,1419,20170308T164418Z,1444
20170308,1419,20170314T135835Z,1445
20170309,1419,20170310T173707Z,1446
20170310,1419,20170311T193654Z,1447
20170311,1419,20170312T160949Z,1448
20170312,1360,20170313T151709Z,1449
20170313,1419,20170314T153218Z,1450
20170314,1419,20170315T162224Z,1451
20170315,1419,20170316T153308Z,1452
20170316,1419,20170317T165149Z,1453
20170317,1419,20170318T172531Z,1454
20170318,1419,20170319T191651Z,1455
20170319,1419,20170320T162515Z,1456
20170320,1419,20170321T155306Z,1457
20170321,1419,20170322T150644Z,1458
20170322,1419,20170323T165321Z,1459
20170323,1419,20170324T235652Z,1460
20170324,1419,20170325T184552Z,1461
20170325,1419,20170326T152104Z,1462
20170326,1419,20170327T162737Z,1463
20170327,1419,20170328T164630Z,1464
20170328,1419,20170329T155825Z,1465
20170329,1419,20170330T154956Z,1466
20170330,1419,20170331T162932Z,1467
20170331,1419,20170401T191042Z,1468
20170401,1419,20170402T165123Z,1469
20170402,1419,20170403T154601Z,1470
20170403,1419,20170404T151553Z,1471
20170404,1419,20170405T154912Z,1472
20170405,1419,20170406T162818Z,1473
20170406,1419,20170407T171319Z,1474
20170407,1419,20170408T154756Z,1475
20170408,1419,20170409T153612Z,1476
20170409,1419,20170410T163618Z,1477
20170410,1419,20170411T174402Z,1478
20170411,1419,20170412T202658Z,1479
20170412,1419,20170413T160922Z,1480
20170413,1419,20170414T181830Z,1481
20170414,1419,20170416T002451Z,1482
20170415,1419,20170416T172746Z,1483
20170416,1419,20170417T162757Z,1484
20170417,1419,20170418T171503Z,1485
20170418,1419,20170419T163041Z,1486
20170419,1419,20170420T151414Z,1487
20170420,1419,20170421T181949Z,1488
20170421,1419,20170422T143254Z,1489
20170422,1419,20170423T135921Z,1490
20170423,1419,20170424T154210Z,1491
20170424,1419,20170425T154754Z,1492
20170425,1419,20170426T161859Z,1493
20170426,1419,20170427T152733Z,1494
20170427,1419,20170428T144109Z,1495
20170428,1419,20170429T155022Z,1496
20170429,1419,20170430T163356Z,1497
20170430,1419,20170501T155102Z,1498
20170501,1419,20170502T163409Z,1499
20170502,1419,20170503T154752Z,1500
20170503,1419,20170504T161809Z,1501
20170504,1419,20170505T163950Z,1502
20170505,1419,20170506T141726Z,1503
20170506,1419,20170507T144400Z,1504
20170507,1419,20170508T181004Z,1505
20170508,1419,20170509T144707Z,1506
20170509,1419,20170510T153921Z,1507
20170510,1419,20170511T162853Z,1508
20170511,1419,20170512T172123Z,1509
20170512,1419,20170513T215119Z,1510
20170513,1419,20170514T132517Z,1511
20170514,1419,20170515T161814Z,1512
20170515,1419,20170516T152453Z,1513
20170516,1419,20170517T163408Z,1514
20170517,1419,20170518T155240Z,1515
20170518,1419,20170519T151058Z,1516
20170519,1419,20170520T155539Z,1517
20170520,1419,20170521T135506Z,1518
20170521,1419,20170522T152230Z,1519
20170522,1419,20170523T152337Z,1520
20170523,1419,20170524T161605Z,1521
20170524,1419,20170525T154826Z,1522
20170525,1419,20170526T162520Z,1523
20170526,1419,20170527T201426Z,1524
20170527,1419,20170528T161810Z,1525
20170528,1419,20170529T135436Z,1526
20170529,1419,20170531T022057Z,1527
20170530,1419,20170531T161508Z,1528
20170531,1419,20170601T164027Z,1529
20170601,1419,20170602T161336Z,1530
20170602,1419,20170603T154002Z,1531
20170603,1419,20170604T174825Z,1532
20170604,1419,20170605T213145Z,1533
20170605,1419,20170606T162320Z,1534
20170606,1419,20170607T153601Z,1535
20170607,1419,20170608T155445Z,1536
20170608,1419,20170610T003627Z,1537
20170609,1419,20170610T160356Z,1538
20170610,1419,20170611T195700Z,1539
20170611,1419,20170612T153952Z,1540
20170612,1419,20170613T180600Z,1541
20170613,1419,20170615T003539Z,1542
20170614,1419,20170615T161058Z,1543
20170615,1419,20170616T201242Z,1544
20170616,1419,20170617T150944Z,1545
20170617,1419,20170618T174704Z,1546
20170618,1419,20170619T200549Z,1547
20170619,1419,20170620T162049Z,1548
20170620,1419,20170621T155914Z,1549
20170621,1419,20170622T155139Z,1550
20170622,1419,20170623T153828Z,1551
20170623,1419,20170624T184426Z,1552
20170624,1419,20170625T153717Z,1553
20170625,1419,20170911T132855Z,1554
20170626,1419,20170627T164529Z,1555
20170627,1419,20170628T164819Z,1556
20170628,1419,20170629T162235Z,1557
20170629,1419,20170630T153745Z,1558
20170630,1419,20170701T165648Z,1559
20170701,1419,20170702T163849Z,1560
20170702,1419,20170703T233150Z,1561
20170703,1419,20170704T194524Z,1562
20170704,1419,20170705T190438Z,1563
20170705,1419,20170706T164722Z,1564
20170706,1419,20170707T155907Z,1565
20170707,1419,20170708T154752Z,1566
20170708,1419,20170709T153913Z,1567
20170709,1419,20170710T213432Z,1568
20170710,1419,20170711T174717Z,1569
20170711,1419,20170712T154551Z,1570
20170712,1419,20170713T163226Z,1571
20170713,1419,20170714T143951Z,1572
20170714,1419,20170715T195339Z,1573
20170715,1419,20170716T161750Z,1574
20170716,1419,20170717T130600Z,1575
20170717,1419,20170718T172019Z,1576
20170718,1419,20170719T164535Z,1577
20170719,1419,20170720T160051Z,1578
20170720,1419,20170721T214614Z,1579
20170721,1419,20170722T140327Z,1580
20170722,1419,20170723T141600Z,1581
20170723,1419,20170724T210636Z,1582
20170724,1419,20170725T173924Z,1583
20170725,1419,20170726T165546Z,1584
20170726,1419,20170727T152932Z,1585
20170727,1419,20170728T175551Z,1586
20170728,1419,20170729T140846Z,1587
20170729,1419,20170730T152503Z,1588
20170730,1419,20170731T231036Z,1589
20170731,1419,20170801T173652Z,1590
20170801,1419,20170802T165653Z,1591
20170802,1419,20170803T160137Z,1592
20170803,1419,20170804T145207Z,1593
20170804,1419,20170805T191628Z,1594
20170805,1419,20170806T164944Z,1595
20170806,1419,20170807T161526Z,1596
20170807,1419,20170808T152653Z,1597
20170808,1419,20170809T161037Z,1598
20170809,1419,20170810T153000Z,1599
20170810,1419,20170811T174227Z,1600
20170811,1419,20170812T142825Z,1601
20170812,1419,20170813T143223Z,1602
20170813,1419,20170814T170342Z,1603
20170814,1419,20170815T174541Z,1604
20170815,1419,20170816T170104Z,1605
20170816,1419,20170817T160948Z,1606
20170817,1419,20170818T140304Z,1607
20170818,1419,20170819T160258Z,1608
20170819,1419,20170820T183657Z,1609
20170820,1419,20170821T160029Z,1610
20170821,1419,20170822T194437Z,1611
20170822,1419,20170823T202711Z,1612
20170823,1419,20170824T182135Z,1613
20170824,1419,20170825T191946Z,1614
20170825,1419,20170826T183539Z,1615
20170826,1419,20170827T204243Z,1616
20170827,1419,20170828T221231Z,1617
20170828,1419,20170829T231401Z,1618
20170829,1419,20170830T193332Z,1619
20170830,1419,20170831T161130Z,1620
20170831,1419,20170901T162703Z,1621
20170901,1419,20170902T165810Z,1622
20170902,1419,20170903T174140Z,1623
20170903,1419,20170904T170303Z,1624
20170904,1419,20170905T131205Z,1625
20170905,1419,20170906T152700Z,1626
20170906,1419,20170907T162512Z,1627
20170907,1419,20170908T170826Z,1628
20170908,1419,20170909T171915Z,1629
20170909,1419,20170910T150505Z,1630
20170910,1419,20170911T181047Z,1631
20170911,1419,20170912T155610Z,1632
20170912,1419,20170913T155220Z,1633
20170913,1419,20170914T154323Z,1634
20170914,1419,20170915T153107Z,1635
20170915,1419,20170916T161654Z,1636
20170916,1419,20170917T171035Z,1637
20170917,1419,20170918T163903Z,1638
20170918,1419,20170919T160207Z,1639
20170919,1419,20170920T162234Z,1640
20170920,1419,20170921T171537Z,1641
20170921,1419,20170922T162322Z,1642
20170922,1419,20170923T182731Z,1643
20170923,1419,20170924T015326Z,1644
